-- MySQL dump 10.13  Distrib 5.5.31, for debian-linux-gnu (x86_64)
--
-- Host: localhost    Database: backuppc
-- ------------------------------------------------------
-- Server version	5.5.31-0+wheezy1-log

/*!40101 SET @OLD_CHARACTER_SET_CLIENT=@@CHARACTER_SET_CLIENT */;
/*!40101 SET @OLD_CHARACTER_SET_RESULTS=@@CHARACTER_SET_RESULTS */;
/*!40101 SET @OLD_COLLATION_CONNECTION=@@COLLATION_CONNECTION */;
/*!40101 SET NAMES utf8 */;
/*!40103 SET @OLD_TIME_ZONE=@@TIME_ZONE */;
/*!40103 SET TIME_ZONE='+00:00' */;
/*!40014 SET @OLD_UNIQUE_CHECKS=@@UNIQUE_CHECKS, UNIQUE_CHECKS=0 */;
/*!40014 SET @OLD_FOREIGN_KEY_CHECKS=@@FOREIGN_KEY_CHECKS, FOREIGN_KEY_CHECKS=0 */;
/*!40101 SET @OLD_SQL_MODE=@@SQL_MODE, SQL_MODE='NO_AUTO_VALUE_ON_ZERO' */;
/*!40111 SET @OLD_SQL_NOTES=@@SQL_NOTES, SQL_NOTES=0 */;

--
-- Table structure for table `backup_profiles`
--

DROP TABLE IF EXISTS `backup_profiles`;
/*!40101 SET @saved_cs_client     = @@character_set_client */;
/*!40101 SET character_set_client = utf8 */;
CREATE TABLE `backup_profiles` (
  `id` int(11) NOT NULL AUTO_INCREMENT,
  `profilename` varchar(50) NOT NULL,
  `sharenames` text NOT NULL,
  `excludes` text NOT NULL,
  `encoding` varchar(50) NOT NULL,
  PRIMARY KEY (`id`)
) ENGINE=MyISAM AUTO_INCREMENT=1000 DEFAULT CHARSET=latin1;
/*!40101 SET character_set_client = @saved_cs_client */;

--
-- Dumping data for table `backup_profiles`
--

LOCK TABLES `backup_profiles` WRITE;
/*!40000 ALTER TABLE `backup_profiles` DISABLE KEYS */;
INSERT INTO `backup_profiles` VALUES (1,'Windows XP (User files)','/cygdrive/c/Documents and Settings/','/*/Cookies\n/*/Local Settings/Temporary Internet Files\n/*/Local Settings/Temp\n/*/NTUSER.DAT*\n/*/ntuser.dat*\n/*/Local Settings/Application Data/Microsoft/Windows/UsrClass.dat*\n/*/Local Settings/Application Data/Mozilla/Firefox/Profiles/*/Cache\n/*/Local Settings/Application Data/Mozilla/Firefox/Profiles/*/OfflineCache\n/*/Recent\n/*/Local Settings/Application Data/Microsoft/Internet Explorer/Recovery/Active\n/All Users/Application Data/Microsoft/Search/Data/Applications/Windows','utf8'),(2,'Windows XP (Whole C: Drive)','/cygdrive/c/','/Documents and Settings/*/Cookies\n/Documents and Settings/*/Local Settings/Temporary Internet Files\n/Documents and Settings/*/Local Settings/Temp\n/Documents and Settings/*/NTUSER.DAT*\n/Documents and Settings/*/ntuser.dat*\n/Documents and Settings/*/Local Settings/Application Data/Microsoft/Windows/UsrClass.dat*\n/Documents and Settings/*/Local Settings/Application Data/Mozilla/Firefox/Profiles/*/Cache\n/Documents and Settings/*/Local Settings/Application Data/Mozilla/Firefox/Profiles/*/OfflineCache\n/Documents and Settings/*/Recent\n/RECYCLER\n/MSOCache\n/System Volume Information\n/hiberfil.sys\n/pagefile.sys\n/*/Local Settings/Application Data/Microsoft/Internet Explorer/Recovery/Active\n/*/All Users/Application Data/Microsoft/Search/Data/Applications/Windows','utf8'),(7,'Mac OS X (User files)','/Users','','utf8'),(3,'Windows 7/Vista (User files)','/cygdrive/c/Users/','/All Users\n/Users/Default User\n/Users/All Users/Application Data\n/Users/All Users/Desktop\n/All Users/Documents\n/All Users/Favorites\n/All Users/Start Menu\n/All Users/Templates\n/*/Application Data\n/*/Cookies\n/*/Local Settings\n/*/My Documents\n/*/NetHood\n/*/PrintHood\n/*/Recent\n/*/SendTo\n/*/Start Menu\n/*/Templates\n/*/AppData/Local/Application Data\n/*/AppData/Local/History\n/*/AppData/Local/Temporary Internet Files\n/*/Documents/My Music\n/*/Documents/My Pictures\n/*/Documents/My Videos\n/*/AppData/Local/Microsoft/Windows/Temporary Internet Files\n/*/AppData/Local/Temp\n/*/NTUSER.DAT*\n/*/ntuser.dat*\n/*/AppData/Local/Microsoft/Windows/UsrClass.dat*\n/*/AppData/Local/Microsoft/Windows Defender/FileTracker\n/*/AppData/Local/Microsoft/Windows/Explorer/thumbcache_*.db\n/*/AppData/Local/Microsoft/Windows/WER\n/*/AppData/Local/Mozilla/Firefox/Profiles/*/Cache\n/*/AppData/Local/Mozilla/Firefox/Profiles/*/OfflineCache\n/*/AppData/Roaming/Microsoft/Windows/Cookies\n/*/AppData/Roaming/Microsoft/Windows/Recent\n/*/AppData/Local/Microsoft/Internet Explorer/Recovery/Active','utf8'),(4,'Windows 7/Vista (Whole C: Drive)','/cygdrive/c/','/Documents and Settings\n/ProgramData/Application Data\n/ProgramData/Desktop\n/ProgramData/Documents\n/ProgramData/Favorites\n/ProgramData/Start Menu\n/ProgramData/Templates\n/Users/All Users\n/Users/Users/Default User\n/Users/Users/All Users/Application Data\n/Users/Users/All Users/Desktop\n/Users/All Users/Documents\n/Users/All Users/Favorites\n/Users/All Users/Start Menu\n/Users/All Users/Templates\n/Users/*/Application Data\n/Users/*/Cookies\n/Users/*/Local Settings\n/Users/*/My Documents\n/Users/*/NetHood\n/Users/*/PrintHood\n/Users/*/Recent\n/Users/*/SendTo\n/Users/*/Start Menu\n/Users/*/Templates\n/Users/*/AppData/Local/Application Data\n/Users/*/AppData/Local/History\n/Users/*/AppData/Local/Temporary Internet Files\n/Users/*/Documents/My Music\n/Users/*/Documents/My Pictures\n/Users/*/Documents/My Videos\n/Users/*/AppData/Local/Microsoft/Windows/Temporary Internet Files\n/Users/*/AppData/Local/Temp\n/Users/*/NTUSER.DAT*\n/Users/*/ntuser.dat*\n/Users/*/AppData/Local/Microsoft/Windows/UsrClass.dat*\n/Users/*/AppData/Local/Microsoft/Windows Defender/FileTracker\n/Users/*/AppData/Local/Microsoft/Windows/Explorer/thumbcache_*.db\n/Users/*/AppData/Local/Microsoft/Windows/WER\n/Users/*/AppData/Local/Mozilla/Firefox/Profiles/*/Cache\n/Users/*/AppData/Local/Mozilla/Firefox/Profiles/*/OfflineCache\n/Users/*/AppData/Roaming/Microsoft/Windows/Cookies\n/Users/*/AppData/Roaming/Microsoft/Windows/Recent\n/MSOCache\n/System Volume Information\n/$Recycle.Bin\n/hiberfil.sys\n/pagefile.sys\n/*/AppData/Local/Microsoft/Internet Explorer/Recovery/Active','utf8'),(5,'Linux (User files)','/home','','utf8'),(6,'Linux (Whole / drive)','/','/proc/*\n/sys/*\n/dev/*\n/tmp/*\n/var/tmp/*\n/media/*\n/mnt/*','utf8'),(8,'Mac OS X (Whole / drive)','/','/cores/*\n/dev/*\n/net/*\n/private/tmp/*\n/Volumes/*','utf8');
/*!40000 ALTER TABLE `backup_profiles` ENABLE KEYS */;
UNLOCK TABLES;

--
-- Table structure for table `backup_servers`
--

DROP TABLE IF EXISTS `backup_servers`;
/*!40101 SET @saved_cs_client     = @@character_set_client */;
/*!40101 SET character_set_client = utf8 */;
CREATE TABLE `backup_servers` (
  `id` int(11) NOT NULL AUTO_INCREMENT,
  `entity_uuid` varchar(50) CHARACTER SET latin1 NOT NULL,
  `backupserver_url` varchar(255) CHARACTER SET latin1 NOT NULL,
  PRIMARY KEY (`id`),
  UNIQUE KEY `entity_uuid` (`entity_uuid`)
) ENGINE=InnoDB AUTO_INCREMENT=2 DEFAULT CHARSET=utf8;
/*!40101 SET character_set_client = @saved_cs_client */;

--
-- Dumping data for table `backup_servers`
--

LOCK TABLES `backup_servers` WRITE;
/*!40000 ALTER TABLE `backup_servers` DISABLE KEYS */;
INSERT INTO `backup_servers` VALUES (1,'UUID1','http://127.0.0.1/backuppc/index.cgi');
/*!40000 ALTER TABLE `backup_servers` ENABLE KEYS */;
UNLOCK TABLES;

--
-- Table structure for table `hosts`
--

DROP TABLE IF EXISTS `hosts`;
/*!40101 SET @saved_cs_client     = @@character_set_client */;
/*!40101 SET character_set_client = utf8 */;
CREATE TABLE `hosts` (
  `id` int(11) NOT NULL AUTO_INCREMENT,
  `uuid` varchar(50) NOT NULL,
  `backup_profile` int(11) NOT NULL,
  `period_profile` int(11) NOT NULL,
  PRIMARY KEY (`id`)
) ENGINE=InnoDB AUTO_INCREMENT=5 DEFAULT CHARSET=latin1;
/*!40101 SET character_set_client = @saved_cs_client */;

--
-- Dumping data for table `hosts`
--

LOCK TABLES `hosts` WRITE;
/*!40000 ALTER TABLE `hosts` DISABLE KEYS */;
INSERT INTO `hosts` VALUES (2,'UUID211',4,1),(3,'UUID209',5,1),(4,'UUID233',3,1);
/*!40000 ALTER TABLE `hosts` ENABLE KEYS */;
UNLOCK TABLES;

--
-- Table structure for table `period_profiles`
--

DROP TABLE IF EXISTS `period_profiles`;
/*!40101 SET @saved_cs_client     = @@character_set_client */;
/*!40101 SET character_set_client = utf8 */;
CREATE TABLE `period_profiles` (
  `id` int(11) NOT NULL AUTO_INCREMENT,
  `profilename` varchar(255) NOT NULL,
  `full` float NOT NULL,
  `incr` float NOT NULL,
  `exclude_periods` text NOT NULL,
  PRIMARY KEY (`id`)
) ENGINE=MyISAM AUTO_INCREMENT=1000 DEFAULT CHARSET=latin1;
/*!40101 SET character_set_client = @saved_cs_client */;

--
-- Dumping data for table `period_profiles`
--

LOCK TABLES `period_profiles` WRITE;
/*!40000 ALTER TABLE `period_profiles` DISABLE KEYS */;
INSERT INTO `period_profiles` VALUES (1,'Nightly',6.97,0.97,'7.00=>20.00:1,2,3,4,5,6,7'),(2,'Daytime',6.97,0.97,'19.00=>9.00:1,2,3,4,5,6,7');
/*!40000 ALTER TABLE `period_profiles` ENABLE KEYS */;
UNLOCK TABLES;

--
-- Table structure for table `report_server_used_disc_space`
--

DROP TABLE IF EXISTS `report_server_used_disc_space`;
/*!40101 SET @saved_cs_client     = @@character_set_client */;
/*!40101 SET character_set_client = utf8 */;
CREATE TABLE `report_server_used_disc_space` (
  `id` bigint(20) NOT NULL AUTO_INCREMENT,
  `timestamp` date NOT NULL,
  `used` tinyint(4) NOT NULL,
  `free` tinyint(4) NOT NULL,
  `backup_server_id` int(11) NOT NULL,
  PRIMARY KEY (`id`),
  KEY `backup_server_id` (`backup_server_id`),
  CONSTRAINT `report_server_used_disc_space_ibfk_1` FOREIGN KEY (`backup_server_id`) REFERENCES `backup_servers` (`id`)
) ENGINE=InnoDB AUTO_INCREMENT=2921 DEFAULT CHARSET=utf8;
/*!40101 SET character_set_client = @saved_cs_client */;

--
-- Dumping data for table `report_server_used_disc_space`
--

LOCK TABLES `report_server_used_disc_space` WRITE;
/*!40000 ALTER TABLE `report_server_used_disc_space` DISABLE KEYS */;
INSERT INTO `report_server_used_disc_space` VALUES (2556,'2013-09-16',96,4,1),(2557,'2013-09-15',52,48,1),(2558,'2013-09-14',79,21,1),(2559,'2013-09-13',47,53,1),(2560,'2013-09-12',37,63,1),(2561,'2013-09-11',35,65,1),(2562,'2013-09-10',85,15,1),(2563,'2013-09-09',34,66,1),(2564,'2013-09-08',61,39,1),(2565,'2013-09-07',73,27,1),(2566,'2013-09-06',73,27,1),(2567,'2013-09-05',33,67,1),(2568,'2013-09-04',48,52,1),(2569,'2013-09-03',99,1,1),(2570,'2013-09-02',90,10,1),(2571,'2013-09-01',68,32,1),(2572,'2013-08-31',90,10,1),(2573,'2013-08-30',15,85,1),(2574,'2013-08-29',61,39,1),(2575,'2013-08-28',14,86,1),(2576,'2013-08-27',94,6,1),(2577,'2013-08-26',6,94,1),(2578,'2013-08-25',70,30,1),(2579,'2013-08-24',60,40,1),(2580,'2013-08-23',16,84,1),(2581,'2013-08-22',53,47,1),(2582,'2013-08-21',94,6,1),(2583,'2013-08-20',90,10,1),(2584,'2013-08-19',63,37,1),(2585,'2013-08-18',28,72,1),(2586,'2013-08-17',61,39,1),(2587,'2013-08-16',69,31,1),(2588,'2013-08-15',26,74,1),(2589,'2013-08-14',56,44,1),(2590,'2013-08-13',47,53,1),(2591,'2013-08-12',66,34,1),(2592,'2013-08-11',73,27,1),(2593,'2013-08-10',62,38,1),(2594,'2013-08-09',92,8,1),(2595,'2013-08-08',12,88,1),(2596,'2013-08-07',61,39,1),(2597,'2013-08-06',84,16,1),(2598,'2013-08-05',82,18,1),(2599,'2013-08-04',9,91,1),(2600,'2013-08-03',72,28,1),(2601,'2013-08-02',61,39,1),(2602,'2013-08-01',28,72,1),(2603,'2013-07-31',91,9,1),(2604,'2013-07-30',82,18,1),(2605,'2013-07-29',75,25,1),(2606,'2013-07-28',63,37,1),(2607,'2013-07-27',60,40,1),(2608,'2013-07-26',62,38,1),(2609,'2013-07-25',22,78,1),(2610,'2013-07-24',80,20,1),(2611,'2013-07-23',80,20,1),(2612,'2013-07-22',56,44,1),(2613,'2013-07-21',44,56,1),(2614,'2013-07-20',91,9,1),(2615,'2013-07-19',6,94,1),(2616,'2013-07-18',12,88,1),(2617,'2013-07-17',54,46,1),(2618,'2013-07-16',80,20,1),(2619,'2013-07-15',7,93,1),(2620,'2013-07-14',41,59,1),(2621,'2013-07-13',21,79,1),(2622,'2013-07-12',41,59,1),(2623,'2013-07-11',47,53,1),(2624,'2013-07-10',50,50,1),(2625,'2013-07-09',79,21,1),(2626,'2013-07-08',91,9,1),(2627,'2013-07-07',33,67,1),(2628,'2013-07-06',73,27,1),(2629,'2013-07-05',90,10,1),(2630,'2013-07-04',81,19,1),(2631,'2013-07-03',33,67,1),(2632,'2013-07-02',89,11,1),(2633,'2013-07-01',11,89,1),(2634,'2013-06-30',14,86,1),(2635,'2013-06-29',36,64,1),(2636,'2013-06-28',7,93,1),(2637,'2013-06-27',69,31,1),(2638,'2013-06-26',26,74,1),(2639,'2013-06-25',17,83,1),(2640,'2013-06-24',62,38,1),(2641,'2013-06-23',70,30,1),(2642,'2013-06-22',60,40,1),(2643,'2013-06-21',93,7,1),(2644,'2013-06-20',44,56,1),(2645,'2013-06-19',54,46,1),(2646,'2013-06-18',47,53,1),(2647,'2013-06-17',8,92,1),(2648,'2013-06-16',93,7,1),(2649,'2013-06-15',72,28,1),(2650,'2013-06-14',29,71,1),(2651,'2013-06-13',24,76,1),(2652,'2013-06-12',65,35,1),(2653,'2013-06-11',12,88,1),(2654,'2013-06-10',11,89,1),(2655,'2013-06-09',99,1,1),(2656,'2013-06-08',47,53,1),(2657,'2013-06-07',11,89,1),(2658,'2013-06-06',46,54,1),(2659,'2013-06-05',58,42,1),(2660,'2013-06-04',74,26,1),(2661,'2013-06-03',57,43,1),(2662,'2013-06-02',91,9,1),(2663,'2013-06-01',6,94,1),(2664,'2013-05-31',72,28,1),(2665,'2013-05-30',46,54,1),(2666,'2013-05-29',34,66,1),(2667,'2013-05-28',21,79,1),(2668,'2013-05-27',84,16,1),(2669,'2013-05-26',35,65,1),(2670,'2013-05-25',10,90,1),(2671,'2013-05-24',68,32,1),(2672,'2013-05-23',56,44,1),(2673,'2013-05-22',41,59,1),(2674,'2013-05-21',37,63,1),(2675,'2013-05-20',50,50,1),(2676,'2013-05-19',30,70,1),(2677,'2013-05-18',43,57,1),(2678,'2013-05-17',89,11,1),(2679,'2013-05-16',3,97,1),(2680,'2013-05-15',83,17,1),(2681,'2013-05-14',48,52,1),(2682,'2013-05-13',35,65,1),(2683,'2013-05-12',10,90,1),(2684,'2013-05-11',40,60,1),(2685,'2013-05-10',57,43,1),(2686,'2013-05-09',5,95,1),(2687,'2013-05-08',40,60,1),(2688,'2013-05-07',19,81,1),(2689,'2013-05-06',52,48,1),(2690,'2013-05-05',41,59,1),(2691,'2013-05-04',19,81,1),(2692,'2013-05-03',42,58,1),(2693,'2013-05-02',57,43,1),(2694,'2013-05-01',86,14,1),(2695,'2013-04-30',21,79,1),(2696,'2013-04-29',12,88,1),(2697,'2013-04-28',72,28,1),(2698,'2013-04-27',70,30,1),(2699,'2013-04-26',15,85,1),(2700,'2013-04-25',63,37,1),(2701,'2013-04-24',1,99,1),(2702,'2013-04-23',5,95,1),(2703,'2013-04-22',83,17,1),(2704,'2013-04-21',94,6,1),(2705,'2013-04-20',61,39,1),(2706,'2013-04-19',81,19,1),(2707,'2013-04-18',92,8,1),(2708,'2013-04-17',94,6,1),(2709,'2013-04-16',83,17,1),(2710,'2013-04-15',74,26,1),(2711,'2013-04-14',54,46,1),(2712,'2013-04-13',67,33,1),(2713,'2013-04-12',44,56,1),(2714,'2013-04-11',98,2,1),(2715,'2013-04-10',37,63,1),(2716,'2013-04-09',52,48,1),(2717,'2013-04-08',10,90,1),(2718,'2013-04-07',33,67,1),(2719,'2013-04-06',15,85,1),(2720,'2013-04-05',33,67,1),(2721,'2013-04-04',35,65,1),(2722,'2013-04-03',49,51,1),(2723,'2013-04-02',16,84,1),(2724,'2013-04-01',32,68,1),(2725,'2013-03-31',91,9,1),(2726,'2013-03-30',38,62,1),(2727,'2013-03-29',61,39,1),(2728,'2013-03-28',98,2,1),(2729,'2013-03-27',11,89,1),(2730,'2013-03-26',2,98,1),(2731,'2013-03-25',96,4,1),(2732,'2013-03-24',18,82,1),(2733,'2013-03-23',67,33,1),(2734,'2013-03-22',43,57,1),(2735,'2013-03-21',24,76,1),(2736,'2013-03-20',73,27,1),(2737,'2013-03-19',26,74,1),(2738,'2013-03-18',70,30,1),(2739,'2013-03-17',44,56,1),(2740,'2013-03-16',53,47,1),(2741,'2013-03-15',45,55,1),(2742,'2013-03-14',23,77,1),(2743,'2013-03-13',34,66,1),(2744,'2013-03-12',5,95,1),(2745,'2013-03-11',68,32,1),(2746,'2013-03-10',13,87,1),(2747,'2013-03-09',76,24,1),(2748,'2013-03-08',23,77,1),(2749,'2013-03-07',65,35,1),(2750,'2013-03-06',87,13,1),(2751,'2013-03-05',36,64,1),(2752,'2013-03-04',68,32,1),(2753,'2013-03-03',40,60,1),(2754,'2013-03-02',66,34,1),(2755,'2013-03-01',96,4,1),(2756,'2013-02-28',10,90,1),(2757,'2013-02-27',71,29,1),(2758,'2013-02-26',69,31,1),(2759,'2013-02-25',17,83,1),(2760,'2013-02-24',14,86,1),(2761,'2013-02-23',80,20,1),(2762,'2013-02-22',38,62,1),(2763,'2013-02-21',26,74,1),(2764,'2013-02-20',60,40,1),(2765,'2013-02-19',9,91,1),(2766,'2013-02-18',79,21,1),(2767,'2013-02-17',59,41,1),(2768,'2013-02-16',26,74,1),(2769,'2013-02-15',62,38,1),(2770,'2013-02-14',56,44,1),(2771,'2013-02-13',97,3,1),(2772,'2013-02-12',9,91,1),(2773,'2013-02-11',75,25,1),(2774,'2013-02-10',80,20,1),(2775,'2013-02-09',86,14,1),(2776,'2013-02-08',88,12,1),(2777,'2013-02-07',49,51,1),(2778,'2013-02-06',17,83,1),(2779,'2013-02-05',64,36,1),(2780,'2013-02-04',94,6,1),(2781,'2013-02-03',52,48,1),(2782,'2013-02-02',23,77,1),(2783,'2013-02-01',13,87,1),(2784,'2013-01-31',64,36,1),(2785,'2013-01-30',23,77,1),(2786,'2013-01-29',82,18,1),(2787,'2013-01-28',43,57,1),(2788,'2013-01-27',67,33,1),(2789,'2013-01-26',38,62,1),(2790,'2013-01-25',74,26,1),(2791,'2013-01-24',16,84,1),(2792,'2013-01-23',94,6,1),(2793,'2013-01-22',10,90,1),(2794,'2013-01-21',19,81,1),(2795,'2013-01-20',54,46,1),(2796,'2013-01-19',84,16,1),(2797,'2013-01-18',52,48,1),(2798,'2013-01-17',11,89,1),(2799,'2013-01-16',92,8,1),(2800,'2013-01-15',68,32,1),(2801,'2013-01-14',81,19,1),(2802,'2013-01-13',40,60,1),(2803,'2013-01-12',95,5,1),(2804,'2013-01-11',59,41,1),(2805,'2013-01-10',86,14,1),(2806,'2013-01-09',56,44,1),(2807,'2013-01-08',43,57,1),(2808,'2013-01-07',40,60,1),(2809,'2013-01-06',34,66,1),(2810,'2013-01-05',33,67,1),(2811,'2013-01-04',90,10,1),(2812,'2013-01-03',27,73,1),(2813,'2013-01-02',81,19,1),(2814,'2013-01-01',37,63,1),(2815,'2012-12-31',3,97,1),(2816,'2012-12-30',67,33,1),(2817,'2012-12-29',39,61,1),(2818,'2012-12-28',46,54,1),(2819,'2012-12-27',14,86,1),(2820,'2012-12-26',80,20,1),(2821,'2012-12-25',59,41,1),(2822,'2012-12-24',53,47,1),(2823,'2012-12-23',59,41,1),(2824,'2012-12-22',29,71,1),(2825,'2012-12-21',72,28,1),(2826,'2012-12-20',63,37,1),(2827,'2012-12-19',66,34,1),(2828,'2012-12-18',45,55,1),(2829,'2012-12-17',25,75,1),(2830,'2012-12-16',89,11,1),(2831,'2012-12-15',16,84,1),(2832,'2012-12-14',79,21,1),(2833,'2012-12-13',29,71,1),(2834,'2012-12-12',29,71,1),(2835,'2012-12-11',19,81,1),(2836,'2012-12-10',97,3,1),(2837,'2012-12-09',40,60,1),(2838,'2012-12-08',8,92,1),(2839,'2012-12-07',1,99,1),(2840,'2012-12-06',71,29,1),(2841,'2012-12-05',61,39,1),(2842,'2012-12-04',2,98,1),(2843,'2012-12-03',88,12,1),(2844,'2012-12-02',48,52,1),(2845,'2012-12-01',81,19,1),(2846,'2012-11-30',27,73,1),(2847,'2012-11-29',21,79,1),(2848,'2012-11-28',5,95,1),(2849,'2012-11-27',27,73,1),(2850,'2012-11-26',81,19,1),(2851,'2012-11-25',73,27,1),(2852,'2012-11-24',1,99,1),(2853,'2012-11-23',41,59,1),(2854,'2012-11-22',29,71,1),(2855,'2012-11-21',19,81,1),(2856,'2012-11-20',40,60,1),(2857,'2012-11-19',92,8,1),(2858,'2012-11-18',49,51,1),(2859,'2012-11-17',88,12,1),(2860,'2012-11-16',80,20,1),(2861,'2012-11-15',48,52,1),(2862,'2012-11-14',23,77,1),(2863,'2012-11-13',37,63,1),(2864,'2012-11-12',16,84,1),(2865,'2012-11-11',13,87,1),(2866,'2012-11-10',26,74,1),(2867,'2012-11-09',92,8,1),(2868,'2012-11-08',18,82,1),(2869,'2012-11-07',38,62,1),(2870,'2012-11-06',26,74,1),(2871,'2012-11-05',63,37,1),(2872,'2012-11-04',17,83,1),(2873,'2012-11-03',29,71,1),(2874,'2012-11-02',22,78,1),(2875,'2012-11-01',84,16,1),(2876,'2012-10-31',35,65,1),(2877,'2012-10-30',69,31,1),(2878,'2012-10-29',2,98,1),(2879,'2012-10-28',31,69,1),(2880,'2012-10-27',75,25,1),(2881,'2012-10-26',47,53,1),(2882,'2012-10-25',91,9,1),(2883,'2012-10-24',70,30,1),(2884,'2012-10-23',49,51,1),(2885,'2012-10-22',19,81,1),(2886,'2012-10-21',38,62,1),(2887,'2012-10-20',51,49,1),(2888,'2012-10-19',8,92,1),(2889,'2012-10-18',22,78,1),(2890,'2012-10-17',76,24,1),(2891,'2012-10-16',66,34,1),(2892,'2012-10-15',42,58,1),(2893,'2012-10-14',81,19,1),(2894,'2012-10-13',55,45,1),(2895,'2012-10-12',12,88,1),(2896,'2012-10-11',57,43,1),(2897,'2012-10-10',99,1,1),(2898,'2012-10-09',24,76,1),(2899,'2012-10-08',13,87,1),(2900,'2012-10-07',18,82,1),(2901,'2012-10-06',31,69,1),(2902,'2012-10-05',58,42,1),(2903,'2012-10-04',67,33,1),(2904,'2012-10-03',32,68,1),(2905,'2012-10-02',1,99,1),(2906,'2012-10-01',77,23,1),(2907,'2012-09-30',6,94,1),(2908,'2012-09-29',35,65,1),(2909,'2012-09-28',29,71,1),(2910,'2012-09-27',32,68,1),(2911,'2012-09-26',42,58,1),(2912,'2012-09-25',11,89,1),(2913,'2012-09-24',34,66,1),(2914,'2012-09-23',62,38,1),(2915,'2012-09-22',48,52,1),(2916,'2012-09-21',81,19,1),(2917,'2012-09-20',76,24,1),(2918,'2012-09-19',84,16,1),(2919,'2012-09-18',62,38,1),(2920,'2012-09-17',26,74,1);
/*!40000 ALTER TABLE `report_server_used_disc_space` ENABLE KEYS */;
UNLOCK TABLES;

--
-- Table structure for table `report_used_disc_space_per_machine`
--

DROP TABLE IF EXISTS `report_used_disc_space_per_machine`;
/*!40101 SET @saved_cs_client     = @@character_set_client */;
/*!40101 SET character_set_client = utf8 */;
CREATE TABLE `report_used_disc_space_per_machine` (
  `id` bigint(20) NOT NULL AUTO_INCREMENT,
  `timestamp` date NOT NULL,
  `used_disc_space` int(11) NOT NULL,
  `host_id` int(11) NOT NULL,
  PRIMARY KEY (`id`),
  KEY `host_id` (`host_id`),
  CONSTRAINT `report_used_disc_space_per_machine_ibfk_1` FOREIGN KEY (`host_id`) REFERENCES `hosts` (`id`)
) ENGINE=InnoDB AUTO_INCREMENT=4383 DEFAULT CHARSET=utf8;
/*!40101 SET character_set_client = @saved_cs_client */;

--
-- Dumping data for table `report_used_disc_space_per_machine`
--

LOCK TABLES `report_used_disc_space_per_machine` WRITE;
/*!40000 ALTER TABLE `report_used_disc_space_per_machine` DISABLE KEYS */;
INSERT INTO `report_used_disc_space_per_machine` VALUES (3288,'2013-09-16',79,2),(3289,'2013-09-16',40,3),(3290,'2013-09-16',48,4),(3291,'2013-09-15',2,2),(3292,'2013-09-15',48,3),(3293,'2013-09-15',60,4),(3294,'2013-09-14',21,2),(3295,'2013-09-14',91,3),(3296,'2013-09-14',20,4),(3297,'2013-09-13',35,2),(3298,'2013-09-13',56,3),(3299,'2013-09-13',40,4),(3300,'2013-09-12',50,2),(3301,'2013-09-12',45,3),(3302,'2013-09-12',95,4),(3303,'2013-09-11',80,2),(3304,'2013-09-11',10,3),(3305,'2013-09-11',8,4),(3306,'2013-09-10',3,2),(3307,'2013-09-10',12,3),(3308,'2013-09-10',90,4),(3309,'2013-09-09',60,2),(3310,'2013-09-09',18,3),(3311,'2013-09-09',94,4),(3312,'2013-09-08',54,2),(3313,'2013-09-08',92,3),(3314,'2013-09-08',29,4),(3315,'2013-09-07',57,2),(3316,'2013-09-07',95,3),(3317,'2013-09-07',86,4),(3318,'2013-09-06',37,2),(3319,'2013-09-06',4,3),(3320,'2013-09-06',9,4),(3321,'2013-09-05',31,2),(3322,'2013-09-05',86,3),(3323,'2013-09-05',56,4),(3324,'2013-09-04',36,2),(3325,'2013-09-04',51,3),(3326,'2013-09-04',34,4),(3327,'2013-09-03',32,2),(3328,'2013-09-03',77,3),(3329,'2013-09-03',26,4),(3330,'2013-09-02',68,2),(3331,'2013-09-02',41,3),(3332,'2013-09-02',24,4),(3333,'2013-09-01',35,2),(3334,'2013-09-01',31,3),(3335,'2013-09-01',18,4),(3336,'2013-08-31',40,2),(3337,'2013-08-31',50,3),(3338,'2013-08-31',61,4),(3339,'2013-08-30',99,2),(3340,'2013-08-30',36,3),(3341,'2013-08-30',61,4),(3342,'2013-08-29',16,2),(3343,'2013-08-29',13,3),(3344,'2013-08-29',90,4),(3345,'2013-08-28',5,2),(3346,'2013-08-28',80,3),(3347,'2013-08-28',70,4),(3348,'2013-08-27',87,2),(3349,'2013-08-27',69,3),(3350,'2013-08-27',7,4),(3351,'2013-08-26',57,2),(3352,'2013-08-26',51,3),(3353,'2013-08-26',8,4),(3354,'2013-08-25',92,2),(3355,'2013-08-25',82,3),(3356,'2013-08-25',39,4),(3357,'2013-08-24',66,2),(3358,'2013-08-24',17,3),(3359,'2013-08-24',55,4),(3360,'2013-08-23',71,2),(3361,'2013-08-23',89,3),(3362,'2013-08-23',81,4),(3363,'2013-08-22',91,2),(3364,'2013-08-22',30,3),(3365,'2013-08-22',49,4),(3366,'2013-08-21',85,2),(3367,'2013-08-21',15,3),(3368,'2013-08-21',85,4),(3369,'2013-08-20',94,2),(3370,'2013-08-20',86,3),(3371,'2013-08-20',80,4),(3372,'2013-08-19',95,2),(3373,'2013-08-19',26,3),(3374,'2013-08-19',69,4),(3375,'2013-08-18',21,2),(3376,'2013-08-18',55,3),(3377,'2013-08-18',84,4),(3378,'2013-08-17',39,2),(3379,'2013-08-17',26,3),(3380,'2013-08-17',94,4),(3381,'2013-08-16',60,2),(3382,'2013-08-16',21,3),(3383,'2013-08-16',51,4),(3384,'2013-08-15',38,2),(3385,'2013-08-15',6,3),(3386,'2013-08-15',88,4),(3387,'2013-08-14',33,2),(3388,'2013-08-14',57,3),(3389,'2013-08-14',1,4),(3390,'2013-08-13',22,2),(3391,'2013-08-13',11,3),(3392,'2013-08-13',77,4),(3393,'2013-08-12',58,2),(3394,'2013-08-12',70,3),(3395,'2013-08-12',78,4),(3396,'2013-08-11',15,2),(3397,'2013-08-11',14,3),(3398,'2013-08-11',56,4),(3399,'2013-08-10',9,2),(3400,'2013-08-10',45,3),(3401,'2013-08-10',72,4),(3402,'2013-08-09',53,2),(3403,'2013-08-09',2,3),(3404,'2013-08-09',73,4),(3405,'2013-08-08',64,2),(3406,'2013-08-08',65,3),(3407,'2013-08-08',93,4),(3408,'2013-08-07',61,2),(3409,'2013-08-07',2,3),(3410,'2013-08-07',64,4),(3411,'2013-08-06',9,2),(3412,'2013-08-06',74,3),(3413,'2013-08-06',35,4),(3414,'2013-08-05',71,2),(3415,'2013-08-05',95,3),(3416,'2013-08-05',12,4),(3417,'2013-08-04',18,2),(3418,'2013-08-04',8,3),(3419,'2013-08-04',1,4),(3420,'2013-08-03',77,2),(3421,'2013-08-03',57,3),(3422,'2013-08-03',24,4),(3423,'2013-08-02',8,2),(3424,'2013-08-02',85,3),(3425,'2013-08-02',54,4),(3426,'2013-08-01',80,2),(3427,'2013-08-01',79,3),(3428,'2013-08-01',87,4),(3429,'2013-07-31',58,2),(3430,'2013-07-31',32,3),(3431,'2013-07-31',77,4),(3432,'2013-07-30',84,2),(3433,'2013-07-30',94,3),(3434,'2013-07-30',35,4),(3435,'2013-07-29',90,2),(3436,'2013-07-29',31,3),(3437,'2013-07-29',62,4),(3438,'2013-07-28',26,2),(3439,'2013-07-28',91,3),(3440,'2013-07-28',1,4),(3441,'2013-07-27',11,2),(3442,'2013-07-27',30,3),(3443,'2013-07-27',94,4),(3444,'2013-07-26',25,2),(3445,'2013-07-26',58,3),(3446,'2013-07-26',49,4),(3447,'2013-07-25',28,2),(3448,'2013-07-25',12,3),(3449,'2013-07-25',25,4),(3450,'2013-07-24',1,2),(3451,'2013-07-24',35,3),(3452,'2013-07-24',30,4),(3453,'2013-07-23',23,2),(3454,'2013-07-23',85,3),(3455,'2013-07-23',88,4),(3456,'2013-07-22',34,2),(3457,'2013-07-22',94,3),(3458,'2013-07-22',21,4),(3459,'2013-07-21',18,2),(3460,'2013-07-21',97,3),(3461,'2013-07-21',22,4),(3462,'2013-07-20',88,2),(3463,'2013-07-20',79,3),(3464,'2013-07-20',91,4),(3465,'2013-07-19',12,2),(3466,'2013-07-19',41,3),(3467,'2013-07-19',1,4),(3468,'2013-07-18',69,2),(3469,'2013-07-18',71,3),(3470,'2013-07-18',64,4),(3471,'2013-07-17',71,2),(3472,'2013-07-17',79,3),(3473,'2013-07-17',95,4),(3474,'2013-07-16',15,2),(3475,'2013-07-16',66,3),(3476,'2013-07-16',29,4),(3477,'2013-07-15',46,2),(3478,'2013-07-15',20,3),(3479,'2013-07-15',14,4),(3480,'2013-07-14',62,2),(3481,'2013-07-14',19,3),(3482,'2013-07-14',8,4),(3483,'2013-07-13',74,2),(3484,'2013-07-13',35,3),(3485,'2013-07-13',34,4),(3486,'2013-07-12',32,2),(3487,'2013-07-12',23,3),(3488,'2013-07-12',77,4),(3489,'2013-07-11',17,2),(3490,'2013-07-11',2,3),(3491,'2013-07-11',95,4),(3492,'2013-07-10',5,2),(3493,'2013-07-10',12,3),(3494,'2013-07-10',91,4),(3495,'2013-07-09',79,2),(3496,'2013-07-09',11,3),(3497,'2013-07-09',89,4),(3498,'2013-07-08',97,2),(3499,'2013-07-08',27,3),(3500,'2013-07-08',86,4),(3501,'2013-07-07',71,2),(3502,'2013-07-07',17,3),(3503,'2013-07-07',46,4),(3504,'2013-07-06',95,2),(3505,'2013-07-06',57,3),(3506,'2013-07-06',1,4),(3507,'2013-07-05',65,2),(3508,'2013-07-05',39,3),(3509,'2013-07-05',26,4),(3510,'2013-07-04',3,2),(3511,'2013-07-04',86,3),(3512,'2013-07-04',30,4),(3513,'2013-07-03',70,2),(3514,'2013-07-03',33,3),(3515,'2013-07-03',72,4),(3516,'2013-07-02',73,2),(3517,'2013-07-02',61,3),(3518,'2013-07-02',41,4),(3519,'2013-07-01',47,2),(3520,'2013-07-01',55,3),(3521,'2013-07-01',56,4),(3522,'2013-06-30',96,2),(3523,'2013-06-30',93,3),(3524,'2013-06-30',25,4),(3525,'2013-06-29',36,2),(3526,'2013-06-29',45,3),(3527,'2013-06-29',35,4),(3528,'2013-06-28',81,2),(3529,'2013-06-28',89,3),(3530,'2013-06-28',28,4),(3531,'2013-06-27',10,2),(3532,'2013-06-27',41,3),(3533,'2013-06-27',89,4),(3534,'2013-06-26',5,2),(3535,'2013-06-26',99,3),(3536,'2013-06-26',70,4),(3537,'2013-06-25',40,2),(3538,'2013-06-25',16,3),(3539,'2013-06-25',73,4),(3540,'2013-06-24',88,2),(3541,'2013-06-24',22,3),(3542,'2013-06-24',47,4),(3543,'2013-06-23',27,2),(3544,'2013-06-23',33,3),(3545,'2013-06-23',20,4),(3546,'2013-06-22',42,2),(3547,'2013-06-22',37,3),(3548,'2013-06-22',44,4),(3549,'2013-06-21',67,2),(3550,'2013-06-21',29,3),(3551,'2013-06-21',47,4),(3552,'2013-06-20',50,2),(3553,'2013-06-20',23,3),(3554,'2013-06-20',14,4),(3555,'2013-06-19',20,2),(3556,'2013-06-19',71,3),(3557,'2013-06-19',79,4),(3558,'2013-06-18',55,2),(3559,'2013-06-18',32,3),(3560,'2013-06-18',42,4),(3561,'2013-06-17',73,2),(3562,'2013-06-17',13,3),(3563,'2013-06-17',34,4),(3564,'2013-06-16',44,2),(3565,'2013-06-16',66,3),(3566,'2013-06-16',20,4),(3567,'2013-06-15',42,2),(3568,'2013-06-15',64,3),(3569,'2013-06-15',2,4),(3570,'2013-06-14',64,2),(3571,'2013-06-14',32,3),(3572,'2013-06-14',64,4),(3573,'2013-06-13',20,2),(3574,'2013-06-13',51,3),(3575,'2013-06-13',29,4),(3576,'2013-06-12',36,2),(3577,'2013-06-12',2,3),(3578,'2013-06-12',85,4),(3579,'2013-06-11',10,2),(3580,'2013-06-11',30,3),(3581,'2013-06-11',29,4),(3582,'2013-06-10',78,2),(3583,'2013-06-10',1,3),(3584,'2013-06-10',1,4),(3585,'2013-06-09',11,2),(3586,'2013-06-09',55,3),(3587,'2013-06-09',93,4),(3588,'2013-06-08',36,2),(3589,'2013-06-08',99,3),(3590,'2013-06-08',94,4),(3591,'2013-06-07',24,2),(3592,'2013-06-07',63,3),(3593,'2013-06-07',56,4),(3594,'2013-06-06',90,2),(3595,'2013-06-06',49,3),(3596,'2013-06-06',49,4),(3597,'2013-06-05',78,2),(3598,'2013-06-05',63,3),(3599,'2013-06-05',28,4),(3600,'2013-06-04',94,2),(3601,'2013-06-04',56,3),(3602,'2013-06-04',72,4),(3603,'2013-06-03',68,2),(3604,'2013-06-03',1,3),(3605,'2013-06-03',74,4),(3606,'2013-06-02',10,2),(3607,'2013-06-02',93,3),(3608,'2013-06-02',87,4),(3609,'2013-06-01',81,2),(3610,'2013-06-01',78,3),(3611,'2013-06-01',55,4),(3612,'2013-05-31',50,2),(3613,'2013-05-31',5,3),(3614,'2013-05-31',27,4),(3615,'2013-05-30',30,2),(3616,'2013-05-30',90,3),(3617,'2013-05-30',3,4),(3618,'2013-05-29',64,2),(3619,'2013-05-29',52,3),(3620,'2013-05-29',8,4),(3621,'2013-05-28',73,2),(3622,'2013-05-28',14,3),(3623,'2013-05-28',87,4),(3624,'2013-05-27',79,2),(3625,'2013-05-27',74,3),(3626,'2013-05-27',26,4),(3627,'2013-05-26',3,2),(3628,'2013-05-26',88,3),(3629,'2013-05-26',83,4),(3630,'2013-05-25',96,2),(3631,'2013-05-25',91,3),(3632,'2013-05-25',44,4),(3633,'2013-05-24',90,2),(3634,'2013-05-24',11,3),(3635,'2013-05-24',56,4),(3636,'2013-05-23',29,2),(3637,'2013-05-23',95,3),(3638,'2013-05-23',45,4),(3639,'2013-05-22',4,2),(3640,'2013-05-22',24,3),(3641,'2013-05-22',19,4),(3642,'2013-05-21',50,2),(3643,'2013-05-21',66,3),(3644,'2013-05-21',50,4),(3645,'2013-05-20',83,2),(3646,'2013-05-20',38,3),(3647,'2013-05-20',76,4),(3648,'2013-05-19',53,2),(3649,'2013-05-19',68,3),(3650,'2013-05-19',17,4),(3651,'2013-05-18',36,2),(3652,'2013-05-18',48,3),(3653,'2013-05-18',62,4),(3654,'2013-05-17',24,2),(3655,'2013-05-17',34,3),(3656,'2013-05-17',30,4),(3657,'2013-05-16',18,2),(3658,'2013-05-16',63,3),(3659,'2013-05-16',81,4),(3660,'2013-05-15',58,2),(3661,'2013-05-15',87,3),(3662,'2013-05-15',19,4),(3663,'2013-05-14',59,2),(3664,'2013-05-14',87,3),(3665,'2013-05-14',2,4),(3666,'2013-05-13',60,2),(3667,'2013-05-13',36,3),(3668,'2013-05-13',25,4),(3669,'2013-05-12',36,2),(3670,'2013-05-12',62,3),(3671,'2013-05-12',43,4),(3672,'2013-05-11',18,2),(3673,'2013-05-11',18,3),(3674,'2013-05-11',81,4),(3675,'2013-05-10',55,2),(3676,'2013-05-10',27,3),(3677,'2013-05-10',59,4),(3678,'2013-05-09',41,2),(3679,'2013-05-09',7,3),(3680,'2013-05-09',92,4),(3681,'2013-05-08',85,2),(3682,'2013-05-08',73,3),(3683,'2013-05-08',11,4),(3684,'2013-05-07',61,2),(3685,'2013-05-07',24,3),(3686,'2013-05-07',44,4),(3687,'2013-05-06',1,2),(3688,'2013-05-06',15,3),(3689,'2013-05-06',21,4),(3690,'2013-05-05',65,2),(3691,'2013-05-05',69,3),(3692,'2013-05-05',91,4),(3693,'2013-05-04',70,2),(3694,'2013-05-04',32,3),(3695,'2013-05-04',70,4),(3696,'2013-05-03',13,2),(3697,'2013-05-03',68,3),(3698,'2013-05-03',17,4),(3699,'2013-05-02',59,2),(3700,'2013-05-02',94,3),(3701,'2013-05-02',14,4),(3702,'2013-05-01',17,2),(3703,'2013-05-01',13,3),(3704,'2013-05-01',26,4),(3705,'2013-04-30',4,2),(3706,'2013-04-30',32,3),(3707,'2013-04-30',60,4),(3708,'2013-04-29',25,2),(3709,'2013-04-29',49,3),(3710,'2013-04-29',2,4),(3711,'2013-04-28',82,2),(3712,'2013-04-28',63,3),(3713,'2013-04-28',91,4),(3714,'2013-04-27',47,2),(3715,'2013-04-27',27,3),(3716,'2013-04-27',36,4),(3717,'2013-04-26',86,2),(3718,'2013-04-26',48,3),(3719,'2013-04-26',51,4),(3720,'2013-04-25',42,2),(3721,'2013-04-25',89,3),(3722,'2013-04-25',20,4),(3723,'2013-04-24',82,2),(3724,'2013-04-24',13,3),(3725,'2013-04-24',24,4),(3726,'2013-04-23',53,2),(3727,'2013-04-23',22,3),(3728,'2013-04-23',39,4),(3729,'2013-04-22',7,2),(3730,'2013-04-22',69,3),(3731,'2013-04-22',37,4),(3732,'2013-04-21',10,2),(3733,'2013-04-21',84,3),(3734,'2013-04-21',44,4),(3735,'2013-04-20',67,2),(3736,'2013-04-20',25,3),(3737,'2013-04-20',44,4),(3738,'2013-04-19',29,2),(3739,'2013-04-19',43,3),(3740,'2013-04-19',58,4),(3741,'2013-04-18',78,2),(3742,'2013-04-18',23,3),(3743,'2013-04-18',8,4),(3744,'2013-04-17',16,2),(3745,'2013-04-17',91,3),(3746,'2013-04-17',6,4),(3747,'2013-04-16',90,2),(3748,'2013-04-16',62,3),(3749,'2013-04-16',17,4),(3750,'2013-04-15',7,2),(3751,'2013-04-15',38,3),(3752,'2013-04-15',13,4),(3753,'2013-04-14',64,2),(3754,'2013-04-14',71,3),(3755,'2013-04-14',74,4),(3756,'2013-04-13',90,2),(3757,'2013-04-13',48,3),(3758,'2013-04-13',64,4),(3759,'2013-04-12',67,2),(3760,'2013-04-12',64,3),(3761,'2013-04-12',74,4),(3762,'2013-04-11',29,2),(3763,'2013-04-11',47,3),(3764,'2013-04-11',39,4),(3765,'2013-04-10',77,2),(3766,'2013-04-10',40,3),(3767,'2013-04-10',47,4),(3768,'2013-04-09',6,2),(3769,'2013-04-09',91,3),(3770,'2013-04-09',85,4),(3771,'2013-04-08',39,2),(3772,'2013-04-08',45,3),(3773,'2013-04-08',91,4),(3774,'2013-04-07',14,2),(3775,'2013-04-07',18,3),(3776,'2013-04-07',52,4),(3777,'2013-04-06',20,2),(3778,'2013-04-06',22,3),(3779,'2013-04-06',44,4),(3780,'2013-04-05',91,2),(3781,'2013-04-05',72,3),(3782,'2013-04-05',27,4),(3783,'2013-04-04',87,2),(3784,'2013-04-04',23,3),(3785,'2013-04-04',3,4),(3786,'2013-04-03',63,2),(3787,'2013-04-03',89,3),(3788,'2013-04-03',7,4),(3789,'2013-04-02',97,2),(3790,'2013-04-02',1,3),(3791,'2013-04-02',17,4),(3792,'2013-04-01',33,2),(3793,'2013-04-01',88,3),(3794,'2013-04-01',12,4),(3795,'2013-03-31',8,2),(3796,'2013-03-31',2,3),(3797,'2013-03-31',13,4),(3798,'2013-03-30',96,2),(3799,'2013-03-30',70,3),(3800,'2013-03-30',49,4),(3801,'2013-03-29',91,2),(3802,'2013-03-29',39,3),(3803,'2013-03-29',82,4),(3804,'2013-03-28',26,2),(3805,'2013-03-28',50,3),(3806,'2013-03-28',12,4),(3807,'2013-03-27',7,2),(3808,'2013-03-27',24,3),(3809,'2013-03-27',93,4),(3810,'2013-03-26',20,2),(3811,'2013-03-26',67,3),(3812,'2013-03-26',74,4),(3813,'2013-03-25',70,2),(3814,'2013-03-25',47,3),(3815,'2013-03-25',71,4),(3816,'2013-03-24',63,2),(3817,'2013-03-24',31,3),(3818,'2013-03-24',97,4),(3819,'2013-03-23',15,2),(3820,'2013-03-23',1,3),(3821,'2013-03-23',11,4),(3822,'2013-03-22',5,2),(3823,'2013-03-22',65,3),(3824,'2013-03-22',76,4),(3825,'2013-03-21',63,2),(3826,'2013-03-21',67,3),(3827,'2013-03-21',13,4),(3828,'2013-03-20',15,2),(3829,'2013-03-20',7,3),(3830,'2013-03-20',39,4),(3831,'2013-03-19',35,2),(3832,'2013-03-19',67,3),(3833,'2013-03-19',66,4),(3834,'2013-03-18',40,2),(3835,'2013-03-18',45,3),(3836,'2013-03-18',13,4),(3837,'2013-03-17',14,2),(3838,'2013-03-17',81,3),(3839,'2013-03-17',14,4),(3840,'2013-03-16',96,2),(3841,'2013-03-16',82,3),(3842,'2013-03-16',17,4),(3843,'2013-03-15',71,2),(3844,'2013-03-15',67,3),(3845,'2013-03-15',18,4),(3846,'2013-03-14',18,2),(3847,'2013-03-14',29,3),(3848,'2013-03-14',24,4),(3849,'2013-03-13',84,2),(3850,'2013-03-13',94,3),(3851,'2013-03-13',21,4),(3852,'2013-03-12',95,2),(3853,'2013-03-12',86,3),(3854,'2013-03-12',9,4),(3855,'2013-03-11',37,2),(3856,'2013-03-11',90,3),(3857,'2013-03-11',25,4),(3858,'2013-03-10',8,2),(3859,'2013-03-10',81,3),(3860,'2013-03-10',52,4),(3861,'2013-03-09',71,2),(3862,'2013-03-09',74,3),(3863,'2013-03-09',66,4),(3864,'2013-03-08',26,2),(3865,'2013-03-08',18,3),(3866,'2013-03-08',21,4),(3867,'2013-03-07',43,2),(3868,'2013-03-07',5,3),(3869,'2013-03-07',44,4),(3870,'2013-03-06',82,2),(3871,'2013-03-06',48,3),(3872,'2013-03-06',68,4),(3873,'2013-03-05',42,2),(3874,'2013-03-05',67,3),(3875,'2013-03-05',95,4),(3876,'2013-03-04',20,2),(3877,'2013-03-04',42,3),(3878,'2013-03-04',79,4),(3879,'2013-03-03',19,2),(3880,'2013-03-03',49,3),(3881,'2013-03-03',7,4),(3882,'2013-03-02',90,2),(3883,'2013-03-02',5,3),(3884,'2013-03-02',93,4),(3885,'2013-03-01',75,2),(3886,'2013-03-01',87,3),(3887,'2013-03-01',8,4),(3888,'2013-02-28',22,2),(3889,'2013-02-28',91,3),(3890,'2013-02-28',93,4),(3891,'2013-02-27',9,2),(3892,'2013-02-27',58,3),(3893,'2013-02-27',2,4),(3894,'2013-02-26',96,2),(3895,'2013-02-26',20,3),(3896,'2013-02-26',56,4),(3897,'2013-02-25',44,2),(3898,'2013-02-25',66,3),(3899,'2013-02-25',33,4),(3900,'2013-02-24',65,2),(3901,'2013-02-24',99,3),(3902,'2013-02-24',92,4),(3903,'2013-02-23',57,2),(3904,'2013-02-23',18,3),(3905,'2013-02-23',28,4),(3906,'2013-02-22',97,2),(3907,'2013-02-22',38,3),(3908,'2013-02-22',83,4),(3909,'2013-02-21',74,2),(3910,'2013-02-21',51,3),(3911,'2013-02-21',39,4),(3912,'2013-02-20',26,2),(3913,'2013-02-20',75,3),(3914,'2013-02-20',96,4),(3915,'2013-02-19',53,2),(3916,'2013-02-19',13,3),(3917,'2013-02-19',75,4),(3918,'2013-02-18',34,2),(3919,'2013-02-18',58,3),(3920,'2013-02-18',6,4),(3921,'2013-02-17',75,2),(3922,'2013-02-17',34,3),(3923,'2013-02-17',29,4),(3924,'2013-02-16',25,2),(3925,'2013-02-16',50,3),(3926,'2013-02-16',74,4),(3927,'2013-02-15',66,2),(3928,'2013-02-15',11,3),(3929,'2013-02-15',98,4),(3930,'2013-02-14',52,2),(3931,'2013-02-14',5,3),(3932,'2013-02-14',63,4),(3933,'2013-02-13',33,2),(3934,'2013-02-13',83,3),(3935,'2013-02-13',51,4),(3936,'2013-02-12',20,2),(3937,'2013-02-12',5,3),(3938,'2013-02-12',26,4),(3939,'2013-02-11',84,2),(3940,'2013-02-11',84,3),(3941,'2013-02-11',76,4),(3942,'2013-02-10',31,2),(3943,'2013-02-10',61,3),(3944,'2013-02-10',34,4),(3945,'2013-02-09',69,2),(3946,'2013-02-09',25,3),(3947,'2013-02-09',11,4),(3948,'2013-02-08',28,2),(3949,'2013-02-08',91,3),(3950,'2013-02-08',80,4),(3951,'2013-02-07',32,2),(3952,'2013-02-07',38,3),(3953,'2013-02-07',80,4),(3954,'2013-02-06',91,2),(3955,'2013-02-06',93,3),(3956,'2013-02-06',33,4),(3957,'2013-02-05',17,2),(3958,'2013-02-05',72,3),(3959,'2013-02-05',44,4),(3960,'2013-02-04',71,2),(3961,'2013-02-04',49,3),(3962,'2013-02-04',40,4),(3963,'2013-02-03',19,2),(3964,'2013-02-03',73,3),(3965,'2013-02-03',8,4),(3966,'2013-02-02',89,2),(3967,'2013-02-02',49,3),(3968,'2013-02-02',16,4),(3969,'2013-02-01',63,2),(3970,'2013-02-01',70,3),(3971,'2013-02-01',4,4),(3972,'2013-01-31',58,2),(3973,'2013-01-31',67,3),(3974,'2013-01-31',35,4),(3975,'2013-01-30',7,2),(3976,'2013-01-30',38,3),(3977,'2013-01-30',26,4),(3978,'2013-01-29',76,2),(3979,'2013-01-29',97,3),(3980,'2013-01-29',24,4),(3981,'2013-01-28',53,2),(3982,'2013-01-28',33,3),(3983,'2013-01-28',30,4),(3984,'2013-01-27',91,2),(3985,'2013-01-27',25,3),(3986,'2013-01-27',1,4),(3987,'2013-01-26',24,2),(3988,'2013-01-26',24,3),(3989,'2013-01-26',47,4),(3990,'2013-01-25',98,2),(3991,'2013-01-25',99,3),(3992,'2013-01-25',52,4),(3993,'2013-01-24',9,2),(3994,'2013-01-24',40,3),(3995,'2013-01-24',44,4),(3996,'2013-01-23',44,2),(3997,'2013-01-23',29,3),(3998,'2013-01-23',62,4),(3999,'2013-01-22',75,2),(4000,'2013-01-22',26,3),(4001,'2013-01-22',81,4),(4002,'2013-01-21',82,2),(4003,'2013-01-21',33,3),(4004,'2013-01-21',97,4),(4005,'2013-01-20',57,2),(4006,'2013-01-20',58,3),(4007,'2013-01-20',5,4),(4008,'2013-01-19',15,2),(4009,'2013-01-19',66,3),(4010,'2013-01-19',24,4),(4011,'2013-01-18',11,2),(4012,'2013-01-18',77,3),(4013,'2013-01-18',61,4),(4014,'2013-01-17',82,2),(4015,'2013-01-17',79,3),(4016,'2013-01-17',90,4),(4017,'2013-01-16',91,2),(4018,'2013-01-16',37,3),(4019,'2013-01-16',52,4),(4020,'2013-01-15',87,2),(4021,'2013-01-15',59,3),(4022,'2013-01-15',57,4),(4023,'2013-01-14',93,2),(4024,'2013-01-14',97,3),(4025,'2013-01-14',66,4),(4026,'2013-01-13',4,2),(4027,'2013-01-13',34,3),(4028,'2013-01-13',94,4),(4029,'2013-01-12',99,2),(4030,'2013-01-12',45,3),(4031,'2013-01-12',96,4),(4032,'2013-01-11',19,2),(4033,'2013-01-11',51,3),(4034,'2013-01-11',82,4),(4035,'2013-01-10',47,2),(4036,'2013-01-10',34,3),(4037,'2013-01-10',48,4),(4038,'2013-01-09',34,2),(4039,'2013-01-09',61,3),(4040,'2013-01-09',45,4),(4041,'2013-01-08',8,2),(4042,'2013-01-08',53,3),(4043,'2013-01-08',44,4),(4044,'2013-01-07',93,2),(4045,'2013-01-07',84,3),(4046,'2013-01-07',22,4),(4047,'2013-01-06',74,2),(4048,'2013-01-06',31,3),(4049,'2013-01-06',20,4),(4050,'2013-01-05',10,2),(4051,'2013-01-05',17,3),(4052,'2013-01-05',38,4),(4053,'2013-01-04',58,2),(4054,'2013-01-04',35,3),(4055,'2013-01-04',81,4),(4056,'2013-01-03',35,2),(4057,'2013-01-03',91,3),(4058,'2013-01-03',83,4),(4059,'2013-01-02',57,2),(4060,'2013-01-02',40,3),(4061,'2013-01-02',66,4),(4062,'2013-01-01',54,2),(4063,'2013-01-01',84,3),(4064,'2013-01-01',40,4),(4065,'2012-12-31',83,2),(4066,'2012-12-31',95,3),(4067,'2012-12-31',32,4),(4068,'2012-12-30',32,2),(4069,'2012-12-30',91,3),(4070,'2012-12-30',71,4),(4071,'2012-12-29',8,2),(4072,'2012-12-29',77,3),(4073,'2012-12-29',97,4),(4074,'2012-12-28',40,2),(4075,'2012-12-28',27,3),(4076,'2012-12-28',24,4),(4077,'2012-12-27',62,2),(4078,'2012-12-27',78,3),(4079,'2012-12-27',33,4),(4080,'2012-12-26',73,2),(4081,'2012-12-26',17,3),(4082,'2012-12-26',96,4),(4083,'2012-12-25',25,2),(4084,'2012-12-25',53,3),(4085,'2012-12-25',10,4),(4086,'2012-12-24',14,2),(4087,'2012-12-24',27,3),(4088,'2012-12-24',23,4),(4089,'2012-12-23',83,2),(4090,'2012-12-23',33,3),(4091,'2012-12-23',3,4),(4092,'2012-12-22',70,2),(4093,'2012-12-22',49,3),(4094,'2012-12-22',40,4),(4095,'2012-12-21',91,2),(4096,'2012-12-21',87,3),(4097,'2012-12-21',17,4),(4098,'2012-12-20',94,2),(4099,'2012-12-20',48,3),(4100,'2012-12-20',26,4),(4101,'2012-12-19',30,2),(4102,'2012-12-19',57,3),(4103,'2012-12-19',61,4),(4104,'2012-12-18',74,2),(4105,'2012-12-18',32,3),(4106,'2012-12-18',19,4),(4107,'2012-12-17',92,2),(4108,'2012-12-17',49,3),(4109,'2012-12-17',34,4),(4110,'2012-12-16',62,2),(4111,'2012-12-16',50,3),(4112,'2012-12-16',76,4),(4113,'2012-12-15',17,2),(4114,'2012-12-15',29,3),(4115,'2012-12-15',39,4),(4116,'2012-12-14',89,2),(4117,'2012-12-14',92,3),(4118,'2012-12-14',90,4),(4119,'2012-12-13',73,2),(4120,'2012-12-13',48,3),(4121,'2012-12-13',82,4),(4122,'2012-12-12',76,2),(4123,'2012-12-12',79,3),(4124,'2012-12-12',23,4),(4125,'2012-12-11',68,2),(4126,'2012-12-11',79,3),(4127,'2012-12-11',58,4),(4128,'2012-12-10',77,2),(4129,'2012-12-10',29,3),(4130,'2012-12-10',57,4),(4131,'2012-12-09',16,2),(4132,'2012-12-09',55,3),(4133,'2012-12-09',91,4),(4134,'2012-12-08',67,2),(4135,'2012-12-08',80,3),(4136,'2012-12-08',88,4),(4137,'2012-12-07',52,2),(4138,'2012-12-07',80,3),(4139,'2012-12-07',53,4),(4140,'2012-12-06',51,2),(4141,'2012-12-06',94,3),(4142,'2012-12-06',38,4),(4143,'2012-12-05',12,2),(4144,'2012-12-05',30,3),(4145,'2012-12-05',34,4),(4146,'2012-12-04',14,2),(4147,'2012-12-04',77,3),(4148,'2012-12-04',48,4),(4149,'2012-12-03',67,2),(4150,'2012-12-03',14,3),(4151,'2012-12-03',63,4),(4152,'2012-12-02',10,2),(4153,'2012-12-02',62,3),(4154,'2012-12-02',79,4),(4155,'2012-12-01',42,2),(4156,'2012-12-01',68,3),(4157,'2012-12-01',14,4),(4158,'2012-11-30',60,2),(4159,'2012-11-30',49,3),(4160,'2012-11-30',62,4),(4161,'2012-11-29',63,2),(4162,'2012-11-29',17,3),(4163,'2012-11-29',27,4),(4164,'2012-11-28',60,2),(4165,'2012-11-28',35,3),(4166,'2012-11-28',37,4),(4167,'2012-11-27',63,2),(4168,'2012-11-27',43,3),(4169,'2012-11-27',31,4),(4170,'2012-11-26',1,2),(4171,'2012-11-26',84,3),(4172,'2012-11-26',55,4),(4173,'2012-11-25',88,2),(4174,'2012-11-25',27,3),(4175,'2012-11-25',28,4),(4176,'2012-11-24',76,2),(4177,'2012-11-24',17,3),(4178,'2012-11-24',83,4),(4179,'2012-11-23',67,2),(4180,'2012-11-23',46,3),(4181,'2012-11-23',85,4),(4182,'2012-11-22',53,2),(4183,'2012-11-22',84,3),(4184,'2012-11-22',30,4),(4185,'2012-11-21',26,2),(4186,'2012-11-21',42,3),(4187,'2012-11-21',3,4),(4188,'2012-11-20',66,2),(4189,'2012-11-20',4,3),(4190,'2012-11-20',44,4),(4191,'2012-11-19',98,2),(4192,'2012-11-19',43,3),(4193,'2012-11-19',97,4),(4194,'2012-11-18',64,2),(4195,'2012-11-18',51,3),(4196,'2012-11-18',88,4),(4197,'2012-11-17',89,2),(4198,'2012-11-17',57,3),(4199,'2012-11-17',20,4),(4200,'2012-11-16',21,2),(4201,'2012-11-16',86,3),(4202,'2012-11-16',3,4),(4203,'2012-11-15',42,2),(4204,'2012-11-15',44,3),(4205,'2012-11-15',17,4),(4206,'2012-11-14',41,2),(4207,'2012-11-14',47,3),(4208,'2012-11-14',36,4),(4209,'2012-11-13',57,2),(4210,'2012-11-13',50,3),(4211,'2012-11-13',21,4),(4212,'2012-11-12',65,2),(4213,'2012-11-12',2,3),(4214,'2012-11-12',27,4),(4215,'2012-11-11',75,2),(4216,'2012-11-11',80,3),(4217,'2012-11-11',86,4),(4218,'2012-11-10',18,2),(4219,'2012-11-10',34,3),(4220,'2012-11-10',25,4),(4221,'2012-11-09',38,2),(4222,'2012-11-09',1,3),(4223,'2012-11-09',57,4),(4224,'2012-11-08',29,2),(4225,'2012-11-08',45,3),(4226,'2012-11-08',63,4),(4227,'2012-11-07',73,2),(4228,'2012-11-07',42,3),(4229,'2012-11-07',49,4),(4230,'2012-11-06',85,2),(4231,'2012-11-06',10,3),(4232,'2012-11-06',93,4),(4233,'2012-11-05',79,2),(4234,'2012-11-05',36,3),(4235,'2012-11-05',72,4),(4236,'2012-11-04',48,2),(4237,'2012-11-04',4,3),(4238,'2012-11-04',88,4),(4239,'2012-11-03',61,2),(4240,'2012-11-03',42,3),(4241,'2012-11-03',53,4),(4242,'2012-11-02',86,2),(4243,'2012-11-02',29,3),(4244,'2012-11-02',48,4),(4245,'2012-11-01',98,2),(4246,'2012-11-01',65,3),(4247,'2012-11-01',34,4),(4248,'2012-10-31',49,2),(4249,'2012-10-31',35,3),(4250,'2012-10-31',75,4),(4251,'2012-10-30',8,2),(4252,'2012-10-30',35,3),(4253,'2012-10-30',23,4),(4254,'2012-10-29',70,2),(4255,'2012-10-29',41,3),(4256,'2012-10-29',77,4),(4257,'2012-10-28',41,2),(4258,'2012-10-28',42,3),(4259,'2012-10-28',60,4),(4260,'2012-10-27',7,2),(4261,'2012-10-27',61,3),(4262,'2012-10-27',3,4),(4263,'2012-10-26',8,2),(4264,'2012-10-26',25,3),(4265,'2012-10-26',69,4),(4266,'2012-10-25',46,2),(4267,'2012-10-25',87,3),(4268,'2012-10-25',61,4),(4269,'2012-10-24',25,2),(4270,'2012-10-24',79,3),(4271,'2012-10-24',92,4),(4272,'2012-10-23',40,2),(4273,'2012-10-23',73,3),(4274,'2012-10-23',13,4),(4275,'2012-10-22',11,2),(4276,'2012-10-22',20,3),(4277,'2012-10-22',31,4),(4278,'2012-10-21',94,2),(4279,'2012-10-21',54,3),(4280,'2012-10-21',27,4),(4281,'2012-10-20',69,2),(4282,'2012-10-20',9,3),(4283,'2012-10-20',74,4),(4284,'2012-10-19',86,2),(4285,'2012-10-19',28,3),(4286,'2012-10-19',95,4),(4287,'2012-10-18',35,2),(4288,'2012-10-18',93,3),(4289,'2012-10-18',54,4),(4290,'2012-10-17',30,2),(4291,'2012-10-17',31,3),(4292,'2012-10-17',21,4),(4293,'2012-10-16',23,2),(4294,'2012-10-16',18,3),(4295,'2012-10-16',54,4),(4296,'2012-10-15',76,2),(4297,'2012-10-15',50,3),(4298,'2012-10-15',97,4),(4299,'2012-10-14',51,2),(4300,'2012-10-14',58,3),(4301,'2012-10-14',3,4),(4302,'2012-10-13',19,2),(4303,'2012-10-13',14,3),(4304,'2012-10-13',64,4),(4305,'2012-10-12',96,2),(4306,'2012-10-12',89,3),(4307,'2012-10-12',94,4),(4308,'2012-10-11',95,2),(4309,'2012-10-11',72,3),(4310,'2012-10-11',66,4),(4311,'2012-10-10',91,2),(4312,'2012-10-10',36,3),(4313,'2012-10-10',94,4),(4314,'2012-10-09',67,2),(4315,'2012-10-09',58,3),(4316,'2012-10-09',9,4),(4317,'2012-10-08',96,2),(4318,'2012-10-08',77,3),(4319,'2012-10-08',54,4),(4320,'2012-10-07',65,2),(4321,'2012-10-07',39,3),(4322,'2012-10-07',69,4),(4323,'2012-10-06',40,2),(4324,'2012-10-06',21,3),(4325,'2012-10-06',87,4),(4326,'2012-10-05',40,2),(4327,'2012-10-05',67,3),(4328,'2012-10-05',43,4),(4329,'2012-10-04',34,2),(4330,'2012-10-04',73,3),(4331,'2012-10-04',78,4),(4332,'2012-10-03',82,2),(4333,'2012-10-03',44,3),(4334,'2012-10-03',69,4),(4335,'2012-10-02',80,2),(4336,'2012-10-02',61,3),(4337,'2012-10-02',9,4),(4338,'2012-10-01',19,2),(4339,'2012-10-01',32,3),(4340,'2012-10-01',13,4),(4341,'2012-09-30',97,2),(4342,'2012-09-30',26,3),(4343,'2012-09-30',57,4),(4344,'2012-09-29',7,2),(4345,'2012-09-29',33,3),(4346,'2012-09-29',65,4),(4347,'2012-09-28',24,2),(4348,'2012-09-28',31,3),(4349,'2012-09-28',57,4),(4350,'2012-09-27',11,2),(4351,'2012-09-27',80,3),(4352,'2012-09-27',77,4),(4353,'2012-09-26',12,2),(4354,'2012-09-26',98,3),(4355,'2012-09-26',41,4),(4356,'2012-09-25',44,2),(4357,'2012-09-25',27,3),(4358,'2012-09-25',43,4),(4359,'2012-09-24',51,2),(4360,'2012-09-24',16,3),(4361,'2012-09-24',96,4),(4362,'2012-09-23',44,2),(4363,'2012-09-23',73,3),(4364,'2012-09-23',10,4),(4365,'2012-09-22',18,2),(4366,'2012-09-22',7,3),(4367,'2012-09-22',7,4),(4368,'2012-09-21',32,2),(4369,'2012-09-21',97,3),(4370,'2012-09-21',26,4),(4371,'2012-09-20',8,2),(4372,'2012-09-20',38,3),(4373,'2012-09-20',15,4),(4374,'2012-09-19',53,2),(4375,'2012-09-19',88,3),(4376,'2012-09-19',25,4),(4377,'2012-09-18',29,2),(4378,'2012-09-18',8,3),(4379,'2012-09-18',21,4),(4380,'2012-09-17',72,2),(4381,'2012-09-17',76,3),(4382,'2012-09-17',24,4);
/*!40000 ALTER TABLE `report_used_disc_space_per_machine` ENABLE KEYS */;
UNLOCK TABLES;

--
-- Table structure for table `version`
--

DROP TABLE IF EXISTS `version`;
/*!40101 SET @saved_cs_client     = @@character_set_client */;
/*!40101 SET character_set_client = utf8 */;
CREATE TABLE `version` (
  `Number` tinyint(4) unsigned NOT NULL DEFAULT '0'
) ENGINE=InnoDB DEFAULT CHARSET=utf8;
/*!40101 SET character_set_client = @saved_cs_client */;

--
-- Dumping data for table `version`
--

LOCK TABLES `version` WRITE;
/*!40000 ALTER TABLE `version` DISABLE KEYS */;
INSERT INTO `version` VALUES (1);
/*!40000 ALTER TABLE `version` ENABLE KEYS */;
UNLOCK TABLES;
/*!40103 SET TIME_ZONE=@OLD_TIME_ZONE */;

/*!40101 SET SQL_MODE=@OLD_SQL_MODE */;
/*!40014 SET FOREIGN_KEY_CHECKS=@OLD_FOREIGN_KEY_CHECKS */;
/*!40014 SET UNIQUE_CHECKS=@OLD_UNIQUE_CHECKS */;
/*!40101 SET CHARACTER_SET_CLIENT=@OLD_CHARACTER_SET_CLIENT */;
/*!40101 SET CHARACTER_SET_RESULTS=@OLD_CHARACTER_SET_RESULTS */;
/*!40101 SET COLLATION_CONNECTION=@OLD_COLLATION_CONNECTION */;
/*!40111 SET SQL_NOTES=@OLD_SQL_NOTES */;

-- Dump completed on 2013-09-20 13:53:50
